nom_kp,firstname,lastname,date_of_birth,email
820415-44-3030,Tommy,Murphy,15-04-82,tmurphy@gmail.com
900524-88-3034,Alexandra,Lopez,24-05-90,alopez@gmail.com
920508-44-4047,Paul,Smith,08-05-92,psmith@gmail.com
830409-77-3038,Timothy,Holloway,09-04-83,tholloway@gmail.com
960629-66-4051,Edward,Cox,29-06-96,ecox@gmail.com
890709-66-3044,Benjamin,Mason,09-07-89,bmason@gmail.com
920528-66-4063,Ethan,Mitchell,28-05-92,emitchell@gmail.com
940129-88-4067,Theodore,James,29-01-94,tjames@gmail.com
990414-99-4069,Tracy,Brown,14-04-99,tbrown@gmail.com
830921-66-3064,Carl,Norris,21-09-83,cnorris@gmail.com
870625-88-4073,Cynthia,Hall,25-06-87,chall@gmail.com
940828-66-3070,Rachel,Richardson,28-08-94,rrichardson@gmail.com
961106-88-3076,Michael,Brown,06-11-96,mbrown@gmail.com
960209-33-4083,Michael,Acevedo,09-02-96,macevedo@gmail.com
830518-77-3078,Kelly,Castillo,18-05-83,kcastillo@gmail.com
930430-33-3080,Jeanne,Green,30-04-93,jgreen@gmail.com
870630-77-4085,Carl,Carter,30-06-87,ccarter@gmail.com
890221-88-4091,Jackie,Taylor,21-02-89,jtaylor@gmail.com
981014-44-3086,Alyssa,Jenkins,14-10-98,ajenkins@gmail.com
940103-99-4093,Timothy,Edwards,03-01-94,tedwards@gmail.com
840220-44-3092,Dawn,Collier,20-02-84,dcollier@gmail.com
841226-88-4095,Alicia,Escobar,26-12-84,aescobar@gmail.com
950430-99-3106,Alexandra,Bullock,30-04-95,abullock@gmail.com
930329-99-3108,Guy,Gonzales,29-03-93,ggonzales@gmail.com
880628-88-3114,Megan,Harris,28-06-88,mharris@gmail.com
991022-99-3116,Amber,Barrett,22-10-99,abarrett@gmail.com
930324-33-3118,Beth,Johnson,24-03-93,bjohnson@gmail.com
940111-77-4101,Kari,Rosario,11-01-94,krosario@gmail.com
890418-88-4107,Aaron,Howard,18-04-89,ahoward@gmail.com
920311-66-3122,Morgan,Peterson,11-03-92,mpeterson@gmail.com
980607-88-3130,Erin,Thomas,07-06-98,ethomas@gmail.com
870721-99-3132,Karen,Perez,21-07-87,kperez@gmail.com
900317-66-4113,Stephen,Powell,17-03-90,spowell@gmail.com
960816-44-4115,Anne,Butler,16-08-96,abutler@gmail.com
830106-66-4117,Steven,Stewart,06-01-83,sstewart@gmail.com
850222-33-4121,Jason,Evans,22-02-85,jevans@gmail.com
941209-77-4123,Robert,Bennett,09-12-94,rbennett@gmail.com
880702-77-4129,Alexis,Phillips,02-07-88,aphillips@gmail.com
840126-66-3144,Jennifer,Clark,26-01-84,jclark@gmail.com
980407-77-4131,Ashley,Walker,07-04-98,awalker@gmail.com
840108-33-3146,Mark,Williams,08-01-84,mwilliams@gmail.com
840829-99-3148,Adrian,Tanner,29-08-84,atanner@gmail.com
860818-88-4135,Brian,Anderson,18-08-86,banderson@gmail.com
861008-44-3152,David,Nichols,08-10-86,dnichols@gmail.com
821118-88-3154,Darren,Aguilar,18-11-82,daguilar@gmail.com
950301-99-3156,Michelle,Stokes,01-03-95,mstokes@gmail.com
810914-44-3158,Richard,Rodriguez,14-09-81,rrodriguez@gmail.com
850630-88-3160,Christina,Wiggins,30-06-85,cwiggins@gmail.com
950505-66-4143,Patricia,Flores,05-05-95,pflores@gmail.com
841216-99-3166,Courtney,Davis,16-12-84,cdavis1@gmail.com
911104-99-4151,Victoria,Rivera,04-11-91,vrivera@gmail.com
880622-33-3168,Latasha,Johnson,22-06-88,ljohnson@gmail.com
950807-33-4153,Justin,Solomon,07-08-95,jsolomon@gmail.com
830416-77-4155,Benjamin,Thompson,16-04-83,bthompson@gmail.com
850110-44-3176,Erika,Rodriguez,10-01-85,erodriguez@gmail.com
940610-66-4163,Alexandria,Brooks,10-06-94,abrooks@gmail.com
900406-44-4165,Joshua,Smith,06-04-90,jsmith@gmail.com
961203-44-4169,Matthew,Nguyen,03-12-96,mnguyen@gmail.com
940814-33-3186,Michelle,Martin,14-08-94,mmartin@gmail.com
890206-88-4175,Shawn,Avila,06-02-89,savila@gmail.com
981020-99-3192,Aaron,Collins,20-10-98,acollins@gmail.com
880517-44-4177,Janice,Hughes,17-05-88,jhughes@gmail.com
810909-44-4179,Teresa,Lewis,09-09-81,tlewis@gmail.com
960107-33-4185,Andrew,Brown,07-01-96,abrown@gmail.com
980627-44-3196,Christopher,Thomas,27-06-98,cthomas@gmail.com
991017-88-4187,Walter,White,17-10-99,wwhite@gmail.com
830101-77-3202,Robert,Lowery,01-01-83,rlowery@gmail.com
851026-33-3204,Robin,Johnson,26-10-85,rjohnson@gmail.com
950701-88-4193,Christine,Sanders,01-07-95,csanders@gmail.com
950406-33-4197,Christopher,Pierce,06-04-95,cpierce@gmail.com
820929-77-4199,Amber,Robertson,29-09-82,arobertson@gmail.com
811018-99-3208,Abigail,Goodman,18-10-81,agoodman@gmail.com
880121-66-3212,Ronald,Skinner,21-01-88,rskinner@gmail.com
890731-33-3214,Sarah,Alexander,31-07-89,salexander@gmail.com
851014-33-3216,Jason,Morris,14-10-85,jmorris@gmail.com
990307-88-3218,Kristie,Mathis,07-03-99,kmathis@gmail.com
871001-66-3226,Mark,Jones,01-10-87,mjones2@gmail.com
830513-77-3230,Harold,Bradford,13-05-83,hbradford@gmail.com
840620-77-3238,Brianna,Carter,20-06-84,bcarter@gmail.com
931226-44-3250,Amber,Rush,26-12-93,arush@gmail.com
991205-44-3254,Bobby,Miller,05-12-99,bmiller@gmail.com
910125-88-4215,Kathleen,Pope,25-01-91,kpope@gmail.com
841218-66-3260,Kristen,Rivera,18-12-84,krivera@gmail.com
980117-33-4221,Carol,Estrada,17-01-98,cestrada@gmail.com
911004-33-3266,Sarah,Santos,04-10-91,ssantos@gmail.com
971220-44-4227,Matthew,Trujillo,20-12-97,mtrujillo@gmail.com
990426-44-4231,Joshua,Thomas,26-04-99,jthomas@gmail.com
870911-44-3268,Tiffany,Flores,11-09-87,tflores@gmail.com
930630-88-4235,Eric,Robertson,30-06-93,erobertson@gmail.com
920215-88-4237,Meghan,Cox,15-02-92,mcox@gmail.com
920721-66-4239,Roger,Hart,21-07-92,rhart@gmail.com
931207-66-4241,Crystal,Carney,07-12-93,ccarney@gmail.com
840710-99-3274,Daniel,Allen,10-07-84,dallen@gmail.com
881208-77-4249,Natalie,Hall,08-12-88,nhall@gmail.com
860324-44-3276,Jessica,Clark,24-03-86,jclark1@gmail.com
930506-66-4257,Lee,Moore,06-05-93,lmoore@gmail.com
951107-44-4259,Brian,Mann,07-11-95,bmann@gmail.com
971022-66-3282,Christy,Hall,22-10-97,chall1@gmail.com
830122-88-3284,Adriana,Mills,22-01-83,amills@gmail.com
970909-66-3288,Carol,Palmer,09-09-97,cpalmer@gmail.com
