nom_kp,firstname,lastname,date_of_birth,email,id,alamat_rumah,poskod,bandar,daerah,nama_sekolah,poskod_sekolah,bandar_sekolah,alamat_sekolah,email_sekolah
820415-44-3030,Tommy,Murphy,15-04-82,tmurphy@gmail.com,0,"No. 123, Lorong Kemuning 14, Taman Kemuning",09080,Padang Serai,Kulim,SMK Air Merah,09000,Kulim,"Jalan Air Merah, 09000 Kulim, Kedah",information@smk_air_merah.edu.my
900524-88-3034,Alexandra,Lopez,24-05-90,alopez@gmail.com,1,"No. 146, Lorong Kulim Permai 19, Taman Kulim Permai",09000,Kulim,Kulim,SMK Sungai Kob,09700,Karangan,"Jalan Sungai Kob, 09050 Sungai Kob, Kedah",information@smk_sungai_kob.edu.my
920508-44-4047,Paul,Smith,08-05-92,psmith@gmail.com,2,"No. 74, Lorong Kulim Heights 16, Taman Kulim Heights",09080,Padang Serai,Kulim,SMK Sungai Karangan,09410,Padang Serai,"Kampung Sungai Karangan, 09050 Sungai Karangan, Kedah",information@smk_sungai_karangan.edu.my
830409-77-3038,Timothy,Holloway,09-04-83,tholloway@gmail.com,3,"No. 21, Lorong Kulim Sentosa 15, Taman Kulim Sentosa",09050,Sungai Kob,Kulim,SMK Padang Serai,09400,Padang Serai,"Jalan Padang Serai, 09080 Padang Serai, Kedah",information@smk_padang_serai.edu.my
960629-66-4051,Edward,Cox,29-06-96,ecox@gmail.com,4,"No. 106, Lorong Kulim Ceria 3, Taman Kulim Ceria",09000,Kulim,Kulim,SMK Air Merah,09000,Kulim,"Jalan Air Merah, 09000 Kulim, Kedah",information@smk_air_merah.edu.my
890709-66-3044,Benjamin,Mason,09-07-89,bmason@gmail.com,5,"No. 141, Lorong Desa Aman 9, Taman Desa Aman",09080,Padang Serai,Kulim,SMK Taman Jelutong,09000,Kulim,"Taman Jelutong, 09000 Kulim, Kedah",information@smk_taman_jelutong.edu.my
920528-66-4063,Ethan,Mitchell,28-05-92,emitchell@gmail.com,6,"No. 5, Lorong Murni 8, Taman Murni",09000,Kulim,Kulim,SMK Air Merah,09000,Kulim,"Jalan Air Merah, 09000 Kulim, Kedah",information@smk_air_merah.edu.my
940129-88-4067,Theodore,James,29-01-94,tjames@gmail.com,7,"No. 97, Lorong Dahlia 10, Taman Dahlia",09050,Sungai Kob,Kulim,SMK Labu Besar,09010,Kulim,"Kampung Labu Besar, 09000 Kulim, Kedah",information@smk_labu_besar.edu.my
990414-99-4069,Tracy,Brown,14-04-99,tbrown@gmail.com,8,"No. 82, Lorong Seroja 12, Taman Seroja",09090,Kulim HiTech,Kulim,SMK Keladi,09000,Kulim,"Jalan Keladi, 09000 Kulim, Kedah",information@smk_keladi.edu.my
830921-66-3064,Carl,Norris,21-09-83,cnorris@gmail.com,9,"No. 30, Lorong Selasih 1, Taman Selasih",09080,Padang Serai,Kulim,SMK Taman Selasih,09000,Kulim,"Taman Selasih, 09000 Kulim, Kedah",information@smk_taman_selasih.edu.my
870625-88-4073,Cynthia,Hall,25-06-87,chall@gmail.com,10,"No. 81, Lorong Bakawali 9, Taman Bakawali",09050,Sungai Kob,Kulim,SMK Air Merah,09000,Kulim,"Jalan Air Merah, 09000 Kulim, Kedah",information@smk_air_merah.edu.my
940828-66-3070,Rachel,Richardson,28-08-94,rrichardson@gmail.com,11,"No. 113, Lorong Kulim Jaya 6, Taman Kulim Jaya",09000,Kulim,Kulim,SMK Lunas,09600,Lunas,"Jalan Lunas, 09010 Lunas, Kedah",information@smk_lunas.edu.my
961106-88-3076,Michael,Brown,06-11-96,mbrown@gmail.com,12,"No. 15, Lorong Selasih 4, Taman Selasih",09050,Sungai Kob,Kulim,SMK Taman Hitech,09000,Kulim,"Persiaran Kulim Hi-Tech 3, 09090 Kulim, Kedah",information@smk_taman_hitech.edu.my
960209-33-4083,Michael,Acevedo,09-02-96,macevedo@gmail.com,13,"No. 76, Lorong Selasih 6, Taman Selasih",09090,Kulim HiTech,Kulim,SMK St. Anne's Convent,09000,Kulim,"Jalan Tunku Asaad, 09000 Kulim, Kedah",information@smk_st_annes_convent.edu.my
830518-77-3078,Kelly,Castillo,18-05-83,kcastillo@gmail.com,14,"No. 147, Lorong Kulim Mesra 12, Taman Kulim Mesra",09010,Lunas,Kulim,SMK Lunas,09600,Lunas,"Jalan Lunas, 09010 Lunas, Kedah",information@smk_lunas.edu.my
930430-33-3080,Jeanne,Green,30-04-93,jgreen@gmail.com,15,"No. 65, Lorong Kulim Sejahtera 16, Taman Kulim Sejahtera",09000,Kulim,Kulim,SMK Jalan Paya Besar,09600,Lunas,"Jalan Paya Besar, 09000 Kulim, Kedah",information@smk_jalan_paya_besar.edu.my
870630-77-4085,Carl,Carter,30-06-87,ccarter@gmail.com,16,"No. 21, Lorong Kulim Bestari 4, Taman Kulim Bestari",09000,Kulim,Kulim,SMK Taman Selasih,09000,Kulim,"Taman Selasih, 09000 Kulim, Kedah",information@smk_taman_selasih.edu.my
890221-88-4091,Jackie,Taylor,21-02-89,jtaylor@gmail.com,17,"No. 125, Lorong Kulim Mesra 13, Taman Kulim Mesra",09010,Lunas,Kulim,SMK Taman Kenari,09000,Kulim,"Taman Kenari, 09000 Kulim, Kedah",information@smk_taman_kenari.edu.my
981014-44-3086,Alyssa,Jenkins,14-10-98,ajenkins@gmail.com,18,"No. 49, Lorong Kulim Bahagia 14, Taman Kulim Bahagia",09010,Lunas,Kulim,SMK Taman Hitech,09000,Kulim,"Persiaran Kulim Hi-Tech 3, 09090 Kulim, Kedah",information@smk_taman_hitech.edu.my
940103-99-4093,Timothy,Edwards,03-01-94,tedwards@gmail.com,19,"No. 106, Lorong Rambai 3, Taman Rambai",09080,Padang Serai,Kulim,SMK Junjung,09000,Kulim,"Kampung Junjung, 09000 Kulim, Kedah",information@smk_junjung.edu.my
840220-44-3092,Dawn,Collier,20-02-84,dcollier@gmail.com,20,"No. 120, Lorong Kulim Sejahtera 6, Taman Kulim Sejahtera",09050,Sungai Kob,Kulim,SMK Lunas,09600,Lunas,"Jalan Lunas, 09010 Lunas, Kedah",information@smk_lunas.edu.my
841226-88-4095,Alicia,Escobar,26-12-84,aescobar@gmail.com,21,"No. 111, Lorong Kulim Maju 4, Taman Kulim Maju",09090,Kulim HiTech,Kulim,SMK Taman Jelutong,09000,Kulim,"Taman Jelutong, 09000 Kulim, Kedah",information@smk_taman_jelutong.edu.my
950430-99-3106,Alexandra,Bullock,30-04-95,abullock@gmail.com,22,"No. 60, Lorong Kulim Heights 20, Taman Kulim Heights",09050,Sungai Kob,Kulim,SMK Taman Jelutong,09000,Kulim,"Taman Jelutong, 09000 Kulim, Kedah",information@smk_taman_jelutong.edu.my
930329-99-3108,Guy,Gonzales,29-03-93,ggonzales@gmail.com,23,"No. 38, Lorong Bersatu 6, Taman Bersatu",09010,Lunas,Kulim,SMK Padang Serai,09400,Padang Serai,"Jalan Padang Serai, 09080 Padang Serai, Kedah",information@smk_padang_serai.edu.my
880628-88-3114,Megan,Harris,28-06-88,mharris@gmail.com,24,"No. 7, Lorong Cengal 7, Taman Cengal",09010,Lunas,Kulim,SMK Taman Hitech,09000,Kulim,"Persiaran Kulim Hi-Tech 3, 09090 Kulim, Kedah",information@smk_taman_hitech.edu.my
991022-99-3116,Amber,Barrett,22-10-99,abarrett@gmail.com,25,"No. 46, Lorong Mawar 20, Taman Mawar",09000,Kulim,Kulim,SMK Taman Kenari,09000,Kulim,"Taman Kenari, 09000 Kulim, Kedah",information@smk_taman_kenari.edu.my
930324-33-3118,Beth,Johnson,24-03-93,bjohnson@gmail.com,26,"No. 20, Lorong Kulim Utama 15, Taman Kulim Utama",09000,Kulim,Kulim,SMK Air Merah,09000,Kulim,"Jalan Air Merah, 09000 Kulim, Kedah",information@smk_air_merah.edu.my
940111-77-4101,Kari,Rosario,11-01-94,krosario@gmail.com,27,"No. 136, Lorong Murni 11, Taman Murni",09050,Sungai Kob,Kulim,SMK Taman Selasih,09000,Kulim,"Taman Selasih, 09000 Kulim, Kedah",information@smk_taman_selasih.edu.my
890418-88-4107,Aaron,Howard,18-04-89,ahoward@gmail.com,28,"No. 74, Lorong Cengal 17, Taman Cengal",09050,Sungai Kob,Kulim,SMK Lunas,09600,Lunas,"Jalan Lunas, 09010 Lunas, Kedah",information@smk_lunas.edu.my
920311-66-3122,Morgan,Peterson,11-03-92,mpeterson@gmail.com,29,"No. 43, Lorong Bersatu 20, Taman Bersatu",09080,Padang Serai,Kulim,SMK Taman Selasih,09000,Kulim,"Taman Selasih, 09000 Kulim, Kedah",information@smk_taman_selasih.edu.my
980607-88-3130,Erin,Thomas,07-06-98,ethomas@gmail.com,30,"No. 150, Lorong Teratai 18, Taman Teratai",09000,Kulim,Kulim,SMK Taman Kenari,09000,Kulim,"Taman Kenari, 09000 Kulim, Kedah",information@smk_taman_kenari.edu.my
870721-99-3132,Karen,Perez,21-07-87,kperez@gmail.com,31,"No. 89, Lorong Kulim Heights 7, Taman Kulim Heights",09090,Kulim HiTech,Kulim,SMK Sultan Badlishah,09000,Kulim,"Jalan Pondok Labu, 09000 Kulim, Kedah",information@smk_sultan_badlishah.edu.my
900317-66-4113,Stephen,Powell,17-03-90,spowell@gmail.com,32,"No. 26, Lorong Kucai 5, Taman Kucai",09010,Lunas,Kulim,SMK Jalan Paya Besar,09600,Lunas,"Jalan Paya Besar, 09000 Kulim, Kedah",information@smk_jalan_paya_besar.edu.my
960816-44-4115,Anne,Butler,16-08-96,abutler@gmail.com,33,"No. 66, Lorong Jati 9, Taman Jati",09000,Kulim,Kulim,SMK Sungai Karangan,09410,Padang Serai,"Kampung Sungai Karangan, 09050 Sungai Karangan, Kedah",information@smk_sungai_karangan.edu.my
830106-66-4117,Steven,Stewart,06-01-83,sstewart@gmail.com,34,"No. 129, Lorong Kulim Bestari 5, Taman Kulim Bestari",09090,Kulim HiTech,Kulim,SMK Lunas,09600,Lunas,"Jalan Lunas, 09010 Lunas, Kedah",information@smk_lunas.edu.my
850222-33-4121,Jason,Evans,22-02-85,jevans@gmail.com,35,"No. 60, Lorong Seri Mahkota 13, Taman Seri Mahkota",09000,Kulim,Kulim,SMK Taman Mutiara,09700,Karangan,"Taman Mutiara, 09000 Kulim, Kedah",information@smk_taman_mutiara.edu.my
941209-77-4123,Robert,Bennett,09-12-94,rbennett@gmail.com,36,"No. 28, Lorong Mahsuri 17, Taman Mahsuri",09090,Kulim HiTech,Kulim,SMK Taman Mutiara,09700,Karangan,"Taman Mutiara, 09000 Kulim, Kedah",information@smk_taman_mutiara.edu.my
880702-77-4129,Alexis,Phillips,02-07-88,aphillips@gmail.com,37,"No. 27, Lorong Kulim Bahagia 9, Taman Kulim Bahagia",09080,Padang Serai,Kulim,SMK Taman Kenari,09000,Kulim,"Taman Kenari, 09000 Kulim, Kedah",information@smk_taman_kenari.edu.my
840126-66-3144,Jennifer,Clark,26-01-84,jclark@gmail.com,38,"No. 101, Lorong Putra 20, Taman Putra",09050,Sungai Kob,Kulim,SMK Lunas,09600,Lunas,"Jalan Lunas, 09010 Lunas, Kedah",information@smk_lunas.edu.my
980407-77-4131,Ashley,Walker,07-04-98,awalker@gmail.com,39,"No. 148, Lorong Seri Mahkota 17, Taman Seri Mahkota",09080,Padang Serai,Kulim,SMK Padang Serai,09400,Padang Serai,"Jalan Padang Serai, 09080 Padang Serai, Kedah",information@smk_padang_serai.edu.my
840108-33-3146,Mark,Williams,08-01-84,mwilliams@gmail.com,40,"No. 105, Lorong Desa Aman 2, Taman Desa Aman",09090,Kulim HiTech,Kulim,SMK Taman Mutiara,09700,Karangan,"Taman Mutiara, 09000 Kulim, Kedah",information@smk_taman_mutiara.edu.my
840829-99-3148,Adrian,Tanner,29-08-84,atanner@gmail.com,41,"No. 2, Lorong Kulim Ria 16, Taman Kulim Ria",09000,Kulim,Kulim,SMK Padang Serai,09400,Padang Serai,"Jalan Padang Serai, 09080 Padang Serai, Kedah",information@smk_padang_serai.edu.my
860818-88-4135,Brian,Anderson,18-08-86,banderson@gmail.com,42,"No. 59, Lorong Melati Indah 20, Taman Melati Indah",09050,Sungai Kob,Kulim,SMK Taman Mutiara,09700,Karangan,"Taman Mutiara, 09000 Kulim, Kedah",information@smk_taman_mutiara.edu.my
861008-44-3152,David,Nichols,08-10-86,dnichols@gmail.com,43,"No. 130, Lorong Rambai 13, Taman Rambai",09090,Kulim HiTech,Kulim,SMK Junjung,09000,Kulim,"Kampung Junjung, 09000 Kulim, Kedah",information@smk_junjung.edu.my
821118-88-3154,Darren,Aguilar,18-11-82,daguilar@gmail.com,44,"No. 123, Lorong Mutiara 18, Taman Mutiara",09080,Padang Serai,Kulim,SMK Jalan Paya Besar,09600,Lunas,"Jalan Paya Besar, 09000 Kulim, Kedah",information@smk_jalan_paya_besar.edu.my
950301-99-3156,Michelle,Stokes,01-03-95,mstokes@gmail.com,45,"No. 23, Lorong Kulim Utama 9, Taman Kulim Utama",09090,Kulim HiTech,Kulim,SMK Taman Mutiara,09700,Karangan,"Taman Mutiara, 09000 Kulim, Kedah",information@smk_taman_mutiara.edu.my
810914-44-3158,Richard,Rodriguez,14-09-81,rrodriguez@gmail.com,46,"No. 140, Lorong Kulim Jaya 11, Taman Kulim Jaya",09090,Kulim HiTech,Kulim,SMK Lunas,09600,Lunas,"Jalan Lunas, 09010 Lunas, Kedah",information@smk_lunas.edu.my
850630-88-3160,Christina,Wiggins,30-06-85,cwiggins@gmail.com,47,"No. 147, Lorong Kulim Harmoni 8, Taman Kulim Harmoni",09080,Padang Serai,Kulim,SMK Sultan Badlishah,09000,Kulim,"Jalan Pondok Labu, 09000 Kulim, Kedah",information@smk_sultan_badlishah.edu.my
950505-66-4143,Patricia,Flores,05-05-95,pflores@gmail.com,48,"No. 133, Lorong Kulim Sentosa 12, Taman Kulim Sentosa",09010,Lunas,Kulim,SMK Padang Serai,09400,Padang Serai,"Jalan Padang Serai, 09080 Padang Serai, Kedah",information@smk_padang_serai.edu.my
841216-99-3166,Courtney,Davis,16-12-84,cdavis1@gmail.com,49,"No. 123, Lorong Kulim Bestari 6, Taman Kulim Bestari",09000,Kulim,Kulim,SMK Sungai Karangan,09410,Padang Serai,"Kampung Sungai Karangan, 09050 Sungai Karangan, Kedah",information@smk_sungai_karangan.edu.my
911104-99-4151,Victoria,Rivera,04-11-91,vrivera@gmail.com,50,"No. 59, Lorong Kulim Ceria 16, Taman Kulim Ceria",09000,Kulim,Kulim,SMK Taman Jelutong,09000,Kulim,"Taman Jelutong, 09000 Kulim, Kedah",information@smk_taman_jelutong.edu.my
880622-33-3168,Latasha,Johnson,22-06-88,ljohnson@gmail.com,51,"No. 16, Lorong Teratai 18, Taman Teratai",09000,Kulim,Kulim,SMK Sungai Kob,09700,Karangan,"Jalan Sungai Kob, 09050 Sungai Kob, Kedah",information@smk_sungai_kob.edu.my
950807-33-4153,Justin,Solomon,07-08-95,jsolomon@gmail.com,52,"No. 128, Lorong Kulim Bahagia 7, Taman Kulim Bahagia",09050,Sungai Kob,Kulim,SMK Jalan Paya Besar,09600,Lunas,"Jalan Paya Besar, 09000 Kulim, Kedah",information@smk_jalan_paya_besar.edu.my
830416-77-4155,Benjamin,Thompson,16-04-83,bthompson@gmail.com,53,"No. 112, Lorong Mawar 20, Taman Mawar",09090,Kulim HiTech,Kulim,SMK Sungai Karangan,09410,Padang Serai,"Kampung Sungai Karangan, 09050 Sungai Karangan, Kedah",information@smk_sungai_karangan.edu.my
850110-44-3176,Erika,Rodriguez,10-01-85,erodriguez@gmail.com,54,"No. 143, Lorong Dahlia 17, Taman Dahlia",09000,Kulim,Kulim,SMK Taman Kenari,09000,Kulim,"Taman Kenari, 09000 Kulim, Kedah",information@smk_taman_kenari.edu.my
940610-66-4163,Alexandria,Brooks,10-06-94,abrooks@gmail.com,55,"No. 1, Lorong Sri Kulim 3, Taman Sri Kulim",09080,Padang Serai,Kulim,SMK Lunas,09600,Lunas,"Jalan Lunas, 09010 Lunas, Kedah",information@smk_lunas.edu.my
900406-44-4165,Joshua,Smith,06-04-90,jsmith@gmail.com,56,"No. 60, Lorong Bersatu 17, Taman Bersatu",09010,Lunas,Kulim,SMK Keladi,09000,Kulim,"Jalan Keladi, 09000 Kulim, Kedah",information@smk_keladi.edu.my
961203-44-4169,Matthew,Nguyen,03-12-96,mnguyen@gmail.com,57,"No. 107, Lorong Kulim Bahagia 19, Taman Kulim Bahagia",09080,Padang Serai,Kulim,SMK Keladi,09000,Kulim,"Jalan Keladi, 09000 Kulim, Kedah",information@smk_keladi.edu.my
940814-33-3186,Michelle,Martin,14-08-94,mmartin@gmail.com,58,"No. 76, Lorong Kulim Makmur 11, Taman Kulim Makmur",09080,Padang Serai,Kulim,SMK Sungai Kob,09700,Karangan,"Jalan Sungai Kob, 09050 Sungai Kob, Kedah",information@smk_sungai_kob.edu.my
890206-88-4175,Shawn,Avila,06-02-89,savila@gmail.com,59,"No. 101, Lorong Anggerik 7, Taman Anggerik",09010,Lunas,Kulim,SMK Taman Jelutong,09000,Kulim,"Taman Jelutong, 09000 Kulim, Kedah",information@smk_taman_jelutong.edu.my
981020-99-3192,Aaron,Collins,20-10-98,acollins@gmail.com,60,"No. 87, Lorong Kulim Ria 7, Taman Kulim Ria",09080,Padang Serai,Kulim,SMK Sungai Kob,09700,Karangan,"Jalan Sungai Kob, 09050 Sungai Kob, Kedah",information@smk_sungai_kob.edu.my
880517-44-4177,Janice,Hughes,17-05-88,jhughes@gmail.com,61,"No. 125, Lorong Melati 8, Taman Melati",09080,Padang Serai,Kulim,SMK Padang Serai,09400,Padang Serai,"Jalan Padang Serai, 09080 Padang Serai, Kedah",information@smk_padang_serai.edu.my
810909-44-4179,Teresa,Lewis,09-09-81,tlewis@gmail.com,62,"No. 113, Lorong Desa Aman 5, Taman Desa Aman",09000,Kulim,Kulim,SMK St. Anne's Convent,09000,Kulim,"Jalan Tunku Asaad, 09000 Kulim, Kedah",information@smk_st_annes_convent.edu.my
960107-33-4185,Andrew,Brown,07-01-96,abrown@gmail.com,63,"No. 42, Lorong Kekwa 19, Taman Kekwa",09050,Sungai Kob,Kulim,SMK Jalan Paya Besar,09600,Lunas,"Jalan Paya Besar, 09000 Kulim, Kedah",information@smk_jalan_paya_besar.edu.my
980627-44-3196,Christopher,Thomas,27-06-98,cthomas@gmail.com,64,"No. 149, Lorong Kulim Aman 17, Taman Kulim Aman",09010,Lunas,Kulim,SMK Keladi,09000,Kulim,"Jalan Keladi, 09000 Kulim, Kedah",information@smk_keladi.edu.my
991017-88-4187,Walter,White,17-10-99,wwhite@gmail.com,65,"No. 98, Lorong Anggerik 1, Taman Anggerik",09010,Lunas,Kulim,SMK Mahang,09700,Karangan,"Kampung Mahang, 09080 Mahang, Kedah",information@smk_mahang.edu.my
830101-77-3202,Robert,Lowery,01-01-83,rlowery@gmail.com,66,"No. 84, Lorong Kulim Heights 8, Taman Kulim Heights",09000,Kulim,Kulim,SMK Taman Selasih,09000,Kulim,"Taman Selasih, 09000 Kulim, Kedah",information@smk_taman_selasih.edu.my
851026-33-3204,Robin,Johnson,26-10-85,rjohnson@gmail.com,67,"No. 67, Lorong Kulim Damai 17, Taman Kulim Damai",09000,Kulim,Kulim,SMK Keladi,09000,Kulim,"Jalan Keladi, 09000 Kulim, Kedah",information@smk_keladi.edu.my
950701-88-4193,Christine,Sanders,01-07-95,csanders@gmail.com,68,"No. 52, Lorong Mawar 11, Taman Mawar",09000,Kulim,Kulim,SMK Sungai Kob,09700,Karangan,"Jalan Sungai Kob, 09050 Sungai Kob, Kedah",information@smk_sungai_kob.edu.my
950406-33-4197,Christopher,Pierce,06-04-95,cpierce@gmail.com,69,"No. 133, Lorong Kulim Ria 8, Taman Kulim Ria",09010,Lunas,Kulim,SMK Labu Besar,09010,Kulim,"Kampung Labu Besar, 09000 Kulim, Kedah",information@smk_labu_besar.edu.my
820929-77-4199,Amber,Robertson,29-09-82,arobertson@gmail.com,70,"No. 10, Lorong Selasih 11, Taman Selasih",09080,Padang Serai,Kulim,SMK Sungai Kob,09700,Karangan,"Jalan Sungai Kob, 09050 Sungai Kob, Kedah",information@smk_sungai_kob.edu.my
811018-99-3208,Abigail,Goodman,18-10-81,agoodman@gmail.com,71,"No. 128, Lorong Kulim Makmur 1, Taman Kulim Makmur",09000,Kulim,Kulim,SMK Taman Selasih,09000,Kulim,"Taman Selasih, 09000 Kulim, Kedah",information@smk_taman_selasih.edu.my
880121-66-3212,Ronald,Skinner,21-01-88,rskinner@gmail.com,72,"No. 11, Lorong Kulim Damai 3, Taman Kulim Damai",09000,Kulim,Kulim,SMK Labu Besar,09010,Kulim,"Kampung Labu Besar, 09000 Kulim, Kedah",information@smk_labu_besar.edu.my
890731-33-3214,Sarah,Alexander,31-07-89,salexander@gmail.com,73,"No. 107, Lorong Putra 5, Taman Putra",09010,Lunas,Kulim,SMK Keladi,09000,Kulim,"Jalan Keladi, 09000 Kulim, Kedah",information@smk_keladi.edu.my
851014-33-3216,Jason,Morris,14-10-85,jmorris@gmail.com,74,"No. 103, Lorong Kulim Jaya 6, Taman Kulim Jaya",09050,Sungai Kob,Kulim,SMK St. Anne's Convent,09000,Kulim,"Jalan Tunku Asaad, 09000 Kulim, Kedah",information@smk_st_annes_convent.edu.my
990307-88-3218,Kristie,Mathis,07-03-99,kmathis@gmail.com,75,"No. 88, Lorong Kulim Bestari 13, Taman Kulim Bestari",09050,Sungai Kob,Kulim,SMK Sungai Karangan,09410,Padang Serai,"Kampung Sungai Karangan, 09050 Sungai Karangan, Kedah",information@smk_sungai_karangan.edu.my
871001-66-3226,Mark,Jones,01-10-87,mjones2@gmail.com,76,"No. 100, Lorong Cengal 1, Taman Cengal",09080,Padang Serai,Kulim,SMK Keladi,09000,Kulim,"Jalan Keladi, 09000 Kulim, Kedah",information@smk_keladi.edu.my
830513-77-3230,Harold,Bradford,13-05-83,hbradford@gmail.com,77,"No. 32, Lorong Mahsuri 20, Taman Mahsuri",09050,Sungai Kob,Kulim,SMK Taman Kenari,09000,Kulim,"Taman Kenari, 09000 Kulim, Kedah",information@smk_taman_kenari.edu.my
840620-77-3238,Brianna,Carter,20-06-84,bcarter@gmail.com,78,"No. 90, Lorong Kemuning 4, Taman Kemuning",09050,Sungai Kob,Kulim,SMK Jalan Paya Besar,09600,Lunas,"Jalan Paya Besar, 09000 Kulim, Kedah",information@smk_jalan_paya_besar.edu.my
931226-44-3250,Amber,Rush,26-12-93,arush@gmail.com,79,"No. 44, Lorong Rambai 16, Taman Rambai",09090,Kulim HiTech,Kulim,SMK Keladi,09000,Kulim,"Jalan Keladi, 09000 Kulim, Kedah",information@smk_keladi.edu.my
991205-44-3254,Bobby,Miller,05-12-99,bmiller@gmail.com,80,"No. 60, Lorong Jati 19, Taman Jati",09010,Lunas,Kulim,SMK Sungai Kob,09700,Karangan,"Jalan Sungai Kob, 09050 Sungai Kob, Kedah",information@smk_sungai_kob.edu.my
910125-88-4215,Kathleen,Pope,25-01-91,kpope@gmail.com,81,"No. 36, Lorong Bersatu 16, Taman Bersatu",09090,Kulim HiTech,Kulim,SMK Sungai Kob,09700,Karangan,"Jalan Sungai Kob, 09050 Sungai Kob, Kedah",information@smk_sungai_kob.edu.my
841218-66-3260,Kristen,Rivera,18-12-84,krivera@gmail.com,82,"No. 43, Lorong Sawi 5, Taman Sawi",09080,Padang Serai,Kulim,SMK Taman Jelutong,09000,Kulim,"Taman Jelutong, 09000 Kulim, Kedah",information@smk_taman_jelutong.edu.my
980117-33-4221,Carol,Estrada,17-01-98,cestrada@gmail.com,83,"No. 87, Lorong Kulim Sejahtera 8, Taman Kulim Sejahtera",09080,Padang Serai,Kulim,SMK Sungai Kob,09700,Karangan,"Jalan Sungai Kob, 09050 Sungai Kob, Kedah",information@smk_sungai_kob.edu.my
911004-33-3266,Sarah,Santos,04-10-91,ssantos@gmail.com,84,"No. 45, Lorong Melati 6, Taman Melati",09090,Kulim HiTech,Kulim,SMK Jalan Paya Besar,09600,Lunas,"Jalan Paya Besar, 09000 Kulim, Kedah",information@smk_jalan_paya_besar.edu.my
971220-44-4227,Matthew,Trujillo,20-12-97,mtrujillo@gmail.com,85,"No. 78, Lorong Kulim Sentosa 18, Taman Kulim Sentosa",09050,Sungai Kob,Kulim,SMK Taman Jelutong,09000,Kulim,"Taman Jelutong, 09000 Kulim, Kedah",information@smk_taman_jelutong.edu.my
990426-44-4231,Joshua,Thomas,26-04-99,jthomas@gmail.com,86,"No. 16, Lorong Kulim Perdana 6, Taman Kulim Perdana",09080,Padang Serai,Kulim,SMK Lunas,09600,Lunas,"Jalan Lunas, 09010 Lunas, Kedah",information@smk_lunas.edu.my
870911-44-3268,Tiffany,Flores,11-09-87,tflores@gmail.com,87,"No. 45, Lorong Seroja 20, Taman Seroja",09050,Sungai Kob,Kulim,SMK Taman Hitech,09000,Kulim,"Persiaran Kulim Hi-Tech 3, 09090 Kulim, Kedah",information@smk_taman_hitech.edu.my
930630-88-4235,Eric,Robertson,30-06-93,erobertson@gmail.com,88,"No. 150, Lorong Teratai 19, Taman Teratai",09080,Padang Serai,Kulim,SMK Air Merah,09000,Kulim,"Jalan Air Merah, 09000 Kulim, Kedah",information@smk_air_merah.edu.my
920215-88-4237,Meghan,Cox,15-02-92,mcox@gmail.com,89,"No. 123, Lorong Melur 5, Taman Melur",09050,Sungai Kob,Kulim,SMK Taman Hitech,09000,Kulim,"Persiaran Kulim Hi-Tech 3, 09090 Kulim, Kedah",information@smk_taman_hitech.edu.my
920721-66-4239,Roger,Hart,21-07-92,rhart@gmail.com,90,"No. 54, Lorong Kulim Makmur 18, Taman Kulim Makmur",09050,Sungai Kob,Kulim,SMK Lunas,09600,Lunas,"Jalan Lunas, 09010 Lunas, Kedah",information@smk_lunas.edu.my
931207-66-4241,Crystal,Carney,07-12-93,ccarney@gmail.com,91,"No. 63, Lorong Putra 16, Taman Putra",09000,Kulim,Kulim,SMK Taman Mutiara,09700,Karangan,"Taman Mutiara, 09000 Kulim, Kedah",information@smk_taman_mutiara.edu.my
840710-99-3274,Daniel,Allen,10-07-84,dallen@gmail.com,92,"No. 34, Lorong Kucai 9, Taman Kucai",09050,Sungai Kob,Kulim,SMK Keladi,09000,Kulim,"Jalan Keladi, 09000 Kulim, Kedah",information@smk_keladi.edu.my
881208-77-4249,Natalie,Hall,08-12-88,nhall@gmail.com,93,"No. 36, Lorong Kucai 9, Taman Kucai",09010,Lunas,Kulim,SMK Sungai Kob,09700,Karangan,"Jalan Sungai Kob, 09050 Sungai Kob, Kedah",information@smk_sungai_kob.edu.my
860324-44-3276,Jessica,Clark,24-03-86,jclark1@gmail.com,94,"No. 62, Lorong Kucai 16, Taman Kucai",09050,Sungai Kob,Kulim,SMK Air Merah,09000,Kulim,"Jalan Air Merah, 09000 Kulim, Kedah",information@smk_air_merah.edu.my
930506-66-4257,Lee,Moore,06-05-93,lmoore@gmail.com,95,"No. 74, Lorong Kulim Jaya 10, Taman Kulim Jaya",09000,Kulim,Kulim,SMK Labu Besar,09010,Kulim,"Kampung Labu Besar, 09000 Kulim, Kedah",information@smk_labu_besar.edu.my
951107-44-4259,Brian,Mann,07-11-95,bmann@gmail.com,96,"No. 134, Lorong Kulim Perdana 10, Taman Kulim Perdana",09010,Lunas,Kulim,SMK Taman Mutiara,09700,Karangan,"Taman Mutiara, 09000 Kulim, Kedah",information@smk_taman_mutiara.edu.my
971022-66-3282,Christy,Hall,22-10-97,chall1@gmail.com,97,"No. 67, Lorong Anggerik 12, Taman Anggerik",09080,Padang Serai,Kulim,SMK Keladi,09000,Kulim,"Jalan Keladi, 09000 Kulim, Kedah",information@smk_keladi.edu.my
830122-88-3284,Adriana,Mills,22-01-83,amills@gmail.com,98,"No. 67, Lorong Kenanga 13, Taman Kenanga",09090,Kulim HiTech,Kulim,SMK Jalan Paya Besar,09600,Lunas,"Jalan Paya Besar, 09000 Kulim, Kedah",information@smk_jalan_paya_besar.edu.my
970909-66-3288,Carol,Palmer,09-09-97,cpalmer@gmail.com,99,"No. 145, Lorong Kulim Perdana 15, Taman Kulim Perdana",09000,Kulim,Kulim,SMK Taman Hitech,09000,Kulim,"Persiaran Kulim Hi-Tech 3, 09090 Kulim, Kedah",information@smk_taman_hitech.edu.my
